id;name;country;logo
1;Lucasfilm Ltd.;US;https://image.tmdb.org/t/p/original/o86DbpburjxrqAzEDhXZcyE8pDb.png
2;Walt Disney Pictures;US;https://image.tmdb.org/t/p/original/wdrCwmRnLFJhEoH8GSfymY85KHT.png
3;Pixar;US;https://image.tmdb.org/t/p/original/1TjvGVDMYsj6JBxOAkUHpPEwLf7.png
4;Paramount;US;https://image.tmdb.org/t/p/original/fycMZt242LVjagMByZOLUGbCvv3.png
5;Columbia Pictures;US;https://image.tmdb.org/t/p/original/71BqEFAF4V3qjjMPCpLuyJFB9A.png
6;RKO Radio Pictures;US;https://image.tmdb.org/t/p/original/n53F7K9scQWFXYbrCablqLKqJdp.png
7;DreamWorks Pictures;US;https://image.tmdb.org/t/p/original/vru2SssLX3FPhnKZGtYw00pVIS9.png
9;Gaumont;FR;https://image.tmdb.org/t/p/original/nda3dTUYdDrJ6rZqBpYvY865aDv.png
11;WingNut Films;NZ;https://image.tmdb.org/t/p/original/6FAuASQHybRkZUk08p9PzSs9ezM.png
12;New Line Cinema;US;https://image.tmdb.org/t/p/original/iaYpEp3LQmb8AfAtmTvpqd4149c.png
14;Miramax;US;https://image.tmdb.org/t/p/original/m6AHu84oZQxvq7n1rsvMNJIAsMu.png
17;Warner Bros. Entertainment;US;https://image.tmdb.org/t/p/original/s1y7CTv6YHe87YUGOq6SRB6DmO7.png
21;Metro-Goldwyn-Mayer;US;https://image.tmdb.org/t/p/original/mjofSXiHpG5t6KYmU4l4FrUhT7m.png
23;Imagine Entertainment;US;https://image.tmdb.org/t/p/original/mkxNjThahj5pvntvYKVpMbWXm3D.png
25;20th Century Fox;US;https://image.tmdb.org/t/p/original/qZCc1lty5FzX30aOCVRBLzaVmcp.png
33;Universal Pictures;US;https://image.tmdb.org/t/p/original/8lvHyhjr8oUKOOy2dKXoALWKdp0.png
34;Sony Pictures;US;https://image.tmdb.org/t/p/original/GagSvqWlyPdkFHMfQ3pNq6ix9P.png
37;Gramercy Pictures;US;https://image.tmdb.org/t/p/original/24D25UH5SyteudhPXW6Oy0Qfj1q.png
47;Constantin Film;DE;https://image.tmdb.org/t/p/original/i7Z9ot2o3N5Sa3HrF09kniFs2y8.png
56;Amblin Entertainment;US;https://image.tmdb.org/t/p/original/cEaxANEisCqeEoRvODv2dO1I0iI.png
70;American Zoetrope;US;https://image.tmdb.org/t/p/original/ueaENQkPcy8rlr5fGZVBXKOhlBh.png
79;Village Roadshow Pictures;US;https://image.tmdb.org/t/p/original/tpFpsqbleCzEE2p5EgvUq6ozfCA.png
80;The Zanuck Company;US;https://image.tmdb.org/t/p/original
81;Plan B Entertainment;US;https://image.tmdb.org/t/p/original/8wOfUhA7vwU2gbPjQy7Vv3EiF0o.png
97;Castle Rock Entertainment;US;https://image.tmdb.org/t/p/original/7znWcbDd4PcJzJUlJxYqAlPPykp.png
104;Canal+;FR;https://image.tmdb.org/t/p/original/9aotxauvc9685tq9pTcRJszuT06.png
126;Lakeshore Entertainment;US;https://image.tmdb.org/t/p/original/kADPanRDkKTxncPXXVahvHPUvCj.png
130;Jerry Bruckheimer Films;US;https://image.tmdb.org/t/p/original/c9dVHPOL3cqCr2593Ahk0nEKTEM.png
161;Claussen+Wöbke Filmproduktion;DE;https://image.tmdb.org/t/p/original
171;Malpaso Productions;US;https://image.tmdb.org/t/p/original
172;NPV Entertainment;US;https://image.tmdb.org/t/p/original
174;Warner Bros. Pictures;US;https://image.tmdb.org/t/p/original/IuAlhI9eVC9Z8UQWOIDdWRKSEJ.png
208;Bac Films;FR;https://image.tmdb.org/t/p/original/bxQYlRhQu6nbohBEL0SWz8xIAGy.png
216;Jersey Films;;https://image.tmdb.org/t/p/original
230;Boje Buck Produktion;;https://image.tmdb.org/t/p/original
240;Bazmark Films;;https://image.tmdb.org/t/p/original
258;Scott Rudin Productions;US;https://image.tmdb.org/t/p/original
290;Ingenious Media;GB;https://image.tmdb.org/t/p/original/Q8mw2AOQQc8Qg0uNwLWq86DVZv.png
297;Aardman Animations;GB;https://image.tmdb.org/t/p/original/ykJbf1z5qIreJrHWfnh1ev1alkD.png
308;The Weinstein Company;US;https://image.tmdb.org/t/p/original/e8F3mQM7DkJ5SfYYDp8FYzPBOGX.png
310;Centre national du cinéma et de l'image animée;FR;https://image.tmdb.org/t/p/original/4Gp5A4YdjPBfsHT47ngHMaXWmb9.png
318;CTB Film Company;RU;https://image.tmdb.org/t/p/original/q0UG4oZERwIywJdDPF4lRlvdYGW.png
333;Original Film;US;https://image.tmdb.org/t/p/original/5xUJfzPZ8jWJUDzYtIeuPO4qPIa.png
342;Davis Films;FR;https://image.tmdb.org/t/p/original
356;TF1 Films Production;FR;https://image.tmdb.org/t/p/original/9tW5wZEGotn1Ei5pErA88m47XiD.png
415;Laurence Mark Productions;US;https://image.tmdb.org/t/p/original
416;Python (Monty) Pictures Limited;;https://image.tmdb.org/t/p/original
420;Marvel Studios;US;https://image.tmdb.org/t/p/original/hUzeosd33nzE5MCNsZxCGEKTXaQ.png
423;Phantom Four;US;https://image.tmdb.org/t/p/original/uvA6e2O31qaonsbYd8tjvgqmNXh.png
429;DC Comics;US;https://image.tmdb.org/t/p/original/2Tc1P3Ac8M479naPp1kYT3izLS5.png
433;Weed Road Pictures;US;https://image.tmdb.org/t/p/original
436;1492 Pictures;US;https://image.tmdb.org/t/p/original/A7WCkG3F0NFvjGCwUnclpGdIu9E.png
437;Heyday Films;GB;https://image.tmdb.org/t/p/original/nu20mtwbEIhUNnQ5NXVhHsNknZj.png
444;Dune Entertainment;US;https://image.tmdb.org/t/p/original/42UPdZl6B2cFXgNUASR8hSt9mpS.png
463;Michael White Productions;GB;https://image.tmdb.org/t/p/original
464;National Film Trustee Company;GB;https://image.tmdb.org/t/p/original
491;Summit Entertainment;US;https://image.tmdb.org/t/p/original/rUp0lLKa1pr4UsPm8fgzmnNGxtq.png
497;Revolution Studios;US;https://image.tmdb.org/t/p/original/pMyhOBd3sCiLzBlmIopdJkcUFtn.png
500;Goldcrest;GB;https://image.tmdb.org/t/p/original
507;Atlas Entertainment;US;https://image.tmdb.org/t/p/original/z7H707qUWigbjHnJDMfj6QITEpb.png
508;Regency Enterprises;US;https://image.tmdb.org/t/p/original/7PzJdsLGlR7oW4J0J5Xcd0pHGRg.png
520;Pacific Data Images;US;https://image.tmdb.org/t/p/original/pU7YTI9FfrICurXpl5V9TfCO0oJ.png
521;DreamWorks Animation;US;https://image.tmdb.org/t/p/original/kP7t6RwGz2AvvTkvnI1uteEwHet.png
554;Silver Screen Partners III;;https://image.tmdb.org/t/p/original
559;TriStar Pictures;US;https://image.tmdb.org/t/p/original/eC0bWHVjnjUducyA6YFoEFqnPMC.png
564;Industrial Development Corporation of South Africa;;https://image.tmdb.org/t/p/original
574;Lightstorm Entertainment;US;https://image.tmdb.org/t/p/original/iB6GjNVHs5hOqcEYt2rcjBqIjki.png
591;France 3 Cinéma;FR;https://image.tmdb.org/t/p/original/q5I5RDwMEiqoNmfaJgd2LraEOJY.png
598;Team Todd;;https://image.tmdb.org/t/p/original
644;Alcor Films;;https://image.tmdb.org/t/p/original
694;StudioCanal;FR;https://image.tmdb.org/t/p/original/5LEHONGkZBIoWvp1ygHOF8iyi1M.png
711;Fox 2000 Pictures;US;https://image.tmdb.org/t/p/original/tEiIH5QesdheJmDAqQwvtN60727.png
726;Haut et Court;FR;https://image.tmdb.org/t/p/original/hHaQQgxqg2NohqZSxbMTB9E483m.png
748;Mosaic Media Group;;https://image.tmdb.org/t/p/original
792;RTBF;BE;https://image.tmdb.org/t/p/original/cRhBQP1FFNugNxKkO1pUgeD2Rkr.png
829;Vertigo Entertainment;US;https://image.tmdb.org/t/p/original/mzpAmEQ5P1gFvdRoNyCk9q8ngiv.png
854;Sofica Europacorp;;https://image.tmdb.org/t/p/original
858;Tessalit Productions;FR;https://image.tmdb.org/t/p/original/6NwjE3AuYKMuGNJdAG8TzmhmioV.png
862;The Kennedy/Marshall Company;US;https://image.tmdb.org/t/p/original/udTjbqPmcTbfrihMuLtLcizDEM1.png
882;Toho Company, Ltd.;JP;https://image.tmdb.org/t/p/original/fRSWWjquvzcHjACbtF53utZFIll.png
907;Overbrook Entertainment;US;https://image.tmdb.org/t/p/original/ca5SWI5uvU985f8Kbb4xc8AmVWH.png
908;Mystery Clock Cinema;AU;https://image.tmdb.org/t/p/original
923;Legendary Entertainment;US;https://image.tmdb.org/t/p/original/5UQsZrfbfG2dYJbx8DxfoTr2Bvu.png
975;Gerber Pictures;US;https://image.tmdb.org/t/p/original
1092;Mockingbird Pictures;US;https://image.tmdb.org/t/p/original/dU2S6qBrsMkBFFkAbcUnJ7p3Izh.png
1115;M6 Films;FR;https://image.tmdb.org/t/p/original/ntH7T5gsN6wtyrfHGHJDTuneQ7o.png
1163;Larger Than Life Productions;US;https://image.tmdb.org/t/p/original
1182;Telecinco Cinema;ES;https://image.tmdb.org/t/p/original/bkgwJWvqqLuzsXV2Qv3Mg3wfcNZ.png
1302;Davis Entertainment;US;https://image.tmdb.org/t/p/original/zC3b70ixHh89qJIikLQPEvLqbPM.png
1632;Lionsgate;US;https://image.tmdb.org/t/p/original/cisLn1YAUuptXVBa0xjq7ST9cH0.png
1757;Mad Chance;;https://image.tmdb.org/t/p/original
1778;DENTSU;JP;https://image.tmdb.org/t/p/original/69xm6sF3JxugGVjfZfm1YY6d7EE.png
1779;Tokuma Shoten;JP;https://image.tmdb.org/t/p/original/41nGzTdCnORYZIZzaGZtfsBwQCl.png
1780;Tohokushinsha Film Corporation;JP;https://image.tmdb.org/t/p/original/2KJ1cSBOGABQotDWSRPNY4C9amg.png
1867;Golden Mean;;https://image.tmdb.org/t/p/original
1903;Columbus 81 Productions;;https://image.tmdb.org/t/p/original
1929;Sonet Film;SE;https://image.tmdb.org/t/p/original
1991;Motion Investment Group;BE;https://image.tmdb.org/t/p/original
2090;Motion Picture Corporation of America;US;https://image.tmdb.org/t/p/original/jYlUttNqcN5u1pzMQrh5AEhZ27t.png
2173;Great Oaks Entertainment;;https://image.tmdb.org/t/p/original
2213;Rainmaker Studios;CA;https://image.tmdb.org/t/p/original
2251;Sony Pictures Animation;US;https://image.tmdb.org/t/p/original/6l16UFSkZ1oPpyBYaILgffFZlTc.png
2265;Shangri-La Entertainment;US;https://image.tmdb.org/t/p/original/cA8M1Z7jx5ZXtLEFBgzot6RGPxM.png
2348;Nickelodeon Movies;US;https://image.tmdb.org/t/p/original/m31fQvZJuUvAgxoqTiCGYFBfZYe.png
2525;Avalanche Productions;FR;https://image.tmdb.org/t/p/original
2527;Marc Platt Productions;US;https://image.tmdb.org/t/p/original/osO7TGmlRMistSQ5JZusPhbKUHk.png
2531;MRC;US;https://image.tmdb.org/t/p/original/pC2iDCDCvV85vOBP7a5Ukxuc0Du.png
2537;Kennedy Miller Productions;AU;https://image.tmdb.org/t/p/original
2550;Teitler Film;US;https://image.tmdb.org/t/p/original
2575;21 Laps Entertainment;US;https://image.tmdb.org/t/p/original/9YJrHYlcfHtwtulkFMAies3aFEl.png
2609;De Line Pictures;US;https://image.tmdb.org/t/p/original/ocmrEBfmecJvrbIM4C50vjYWtlq.png
2669;Filmlance International;SE;https://image.tmdb.org/t/p/original/ugWpFTKyc6UK2payofmqO2lgcBQ.png
2723;Lin Pictures;US;https://image.tmdb.org/t/p/original
2752;dentsu Music And Entertainment;JP;https://image.tmdb.org/t/p/original/qEGEoCAV9FWAuohymR5I0vjJMgM.png
2785;Warner Bros. Animation;US;https://image.tmdb.org/t/p/original/l5zW8jjmQOCx2dFmvnmbYmqoBmL.png
2787;Reel FX Creative Studios;;https://image.tmdb.org/t/p/original
2875;Ikiru Films;ES;https://image.tmdb.org/t/p/original/3fNapBvM3EHlyL9TxdP5qEOUNeN.png
2883;Aniplex;JP;https://image.tmdb.org/t/p/original/rDYExnBV61jGQnkhVVrPN4Yl7O1.png
2902;SND;FR;https://image.tmdb.org/t/p/original/vFmmYSgFp8eE6C34JVCXy9bJFmc.png
2918;Shueisha;JP;https://image.tmdb.org/t/p/original/gyEWUBWwqrm3H5T2hkERD9LxpOq.png
2932;Red Hour;US;https://image.tmdb.org/t/p/original/4uLKLjGivVg2YnAIhAn8k7ZuVFj.png
2999;SVT;SE;https://image.tmdb.org/t/p/original/zGSqFee9aDgDuLD6vcs2mcJUem4.png
3031;The Asahi Shimbun;JP;https://image.tmdb.org/t/p/original/2JcgVKZ1gEY5RsLJU1CGj1MaKFj.png
3034;TV Tokyo;JP;https://image.tmdb.org/t/p/original/kGRavMqgyx4p2X4C96bjRCj50oI.png
3166;Walt Disney Productions;US;https://image.tmdb.org/t/p/original/vyyv4Gy9nPqAZKElPm2izLlEaVS.png
3169;Zide-Perry Productions;;https://image.tmdb.org/t/p/original
3172;Blumhouse Productions;US;https://image.tmdb.org/t/p/original/kDedjRZwO8uyFhuHamomOhN6fzG.png
3341;Fuji Television Network;JP;https://image.tmdb.org/t/p/original/dTG5dXE1kU2mpmL9BNnraffckLU.png
3407;Shanghai Film Group;CN;https://image.tmdb.org/t/p/original/iVMjKOFyRvm9PW45lW1wW6TSvnj.png
3419;Central Partnership;RU;https://image.tmdb.org/t/p/original/byrxE2pJD9JLyBCIzyK0pYVanyG.png
3463;Imagi Animation Studios;;https://image.tmdb.org/t/p/original
3466;Movic;JP;https://image.tmdb.org/t/p/original/lmCg0zarmM52wrmsZRUY0QlPKLh.png
3475;Disney Television Animation;US;https://image.tmdb.org/t/p/original/jTPNzDEn7eHmp3nEXEEtkHm6jLg.png
3528;Thunder Road;US;https://image.tmdb.org/t/p/original/cCzCClIzIh81Fa79hpW5nXoUsHK.png
3538;Gunn Films;;https://image.tmdb.org/t/p/original
3592;Warner Bros. Family Entertainment;;https://image.tmdb.org/t/p/original
3627;Warner Bros. Japan;JP;https://image.tmdb.org/t/p/original/i1eW4O13B28b4JHpIL5C9rRiiur.png
3639;Whamaphram Productions;;https://image.tmdb.org/t/p/original
3735;Akkord Film;DE;https://image.tmdb.org/t/p/original
3922;A. Film Production;DK;https://image.tmdb.org/t/p/original/aCdyqd55D2XvjbdpPGvaIY7G64t.png
3982;Darkwoods Productions;US;https://image.tmdb.org/t/p/original/bli7HkPOXOEWsDwDK0W7XXfeUU2.png
4000;Maverick Films;US;https://image.tmdb.org/t/p/original
4022;Wonderland Sound and Vision;US;https://image.tmdb.org/t/p/original/q6Xts6ztGkTHrY1WfHttlhL3Pfc.png
4077;Crystal Sky Worldwide;;https://image.tmdb.org/t/p/original
4078;Triumph;;https://image.tmdb.org/t/p/original
4081;LEGO;DK;https://image.tmdb.org/t/p/original/9Q0SyrhQD61wWbz5KJOkL6tu2mg.png
4152;Titmouse;;https://image.tmdb.org/t/p/original
4171;Playtone;US;https://image.tmdb.org/t/p/original/ip8rzankhLLhJGGkvfCirfUM26d.png
4262;Tezuka Productions;JP;https://image.tmdb.org/t/p/original
4286;Juno Pix;;https://image.tmdb.org/t/p/original
4436;Disneynature;FR;https://image.tmdb.org/t/p/original/iCnomrQJMG059X084K4bARkYIhM.png
4606;ZDF;DE;https://image.tmdb.org/t/p/original/otZHbf1HmzLRQsZFSqJXkf8EHz7.png
4859;Nickelodeon Animation Studio;US;https://image.tmdb.org/t/p/original/wOF6aAYFE5BQryYyaMdQPqUWYwt.png
4888;M6 Studio;FR;https://image.tmdb.org/t/p/original
4968;MotionWorks;;https://image.tmdb.org/t/p/original
5024;Mainframe Entertainment;CA;https://image.tmdb.org/t/p/original/9CkYR0swSEj5iVi9bzx9erLnmzm.png
5056;Head Gear Films;GB;https://image.tmdb.org/t/p/original/kADFcjL04xe5HGBnlLjbfhliS2a.png
5122;Parallel Films;IE;https://image.tmdb.org/t/p/original
5218;Imprint Entertainment;US;https://image.tmdb.org/t/p/original/dhb42ugM9DzSpDctTWCtABPVOW4.png
5219;Sunswept Entertainment;;https://image.tmdb.org/t/p/original
5371;Nickelodeon Productions;US;https://image.tmdb.org/t/p/original/7EFsFPaWY5DFn8s9rz2ORHxAw0y.png
5372;OLM;JP;https://image.tmdb.org/t/p/original/tPtJc2rCOTHEzJQPStT6m3dI0eK.png
5391;DisneyToon Studios;US;https://image.tmdb.org/t/p/original/o5AcK10ViutenSa4XTD18ClCEWe.png
5485;Zodiac Pictures;CH;https://image.tmdb.org/t/p/original
5542;Toei Animation;JP;https://image.tmdb.org/t/p/original/ayE4LIqoAWotavo7xdvYngwqGML.png
5555;Global Medien KG;;https://image.tmdb.org/t/p/original
5556;Universal Animation Studios;US;https://image.tmdb.org/t/p/original/qtdp2UWJNleyYy6ur7DDgPYUxqz.png
5682;O Entertainment;;https://image.tmdb.org/t/p/original
5739;Donner/Shuler-Donner Productions;;https://image.tmdb.org/t/p/original
5822;Toei Company;JP;https://image.tmdb.org/t/p/original/qyTbRgCyU9NLKvKaiQVbadtr7RY.png
5850;Belvision;BE;https://image.tmdb.org/t/p/original/26v9iO4OqZzGhKiHYfiPWCYTNiG.png
5851;Dargaud Films;;https://image.tmdb.org/t/p/original
6075;Studio Deen;JP;https://image.tmdb.org/t/p/original/rpmYkPGtdu4ixLPgPkmFxvfnt4O.png
6125;Walt Disney Animation Studios;US;https://image.tmdb.org/t/p/original/tVPmo07IHhBs4HuilrcV0yujsZ9.png
6130;Dualstar Productions;;https://image.tmdb.org/t/p/original
6181;Svensk Filmindustri;SE;https://image.tmdb.org/t/p/original/wLSdapPKqkBgrRVOKcUx83hCR3Y.png
6220;Mattel;;https://image.tmdb.org/t/p/original
6254;The Jim Henson Company;US;https://image.tmdb.org/t/p/original/dHfP8fUyykmTsMXbtXO0kSsYz5E.png
6363;BenderSpink;;https://image.tmdb.org/t/p/original
6422;Sullivan Bluth Studios;US;https://image.tmdb.org/t/p/original
6446;Total Entertainment;BR;https://image.tmdb.org/t/p/original
6488;Bishop Studios LLC;;https://image.tmdb.org/t/p/original
6704;Illumination Entertainment;US;https://image.tmdb.org/t/p/original/fOG2oY4m1YuYTQh4bMqqZkmgOAI.png
6755;Nippon Television Network Corporation;JP;https://image.tmdb.org/t/p/original/c0ENH8QeZLvCACpzCpwvYMy2SDr.png
6896;EuropaCorp;FR;https://image.tmdb.org/t/p/original/2Q89KvzxTKB5BAv9RqFIPI1qb7E.png
6900;Chez Wam;FR;https://image.tmdb.org/t/p/original
6973;Les Armateurs;FR;https://image.tmdb.org/t/p/original
7036;CJ Entertainment;KR;https://image.tmdb.org/t/p/original/javbyY0ZCvlFJtly3tpZqf2NwLX.png
7076;Chernin Entertainment;US;https://image.tmdb.org/t/p/original/8BFxn9NUWSgp0ndih569Gm62xiC.png
7094;Level-5;JP;https://image.tmdb.org/t/p/original/tEfHdRk96nHvwB6XYiW785kquiU.png
7131;France Télévisions;FR;https://image.tmdb.org/t/p/original/eLvjHPYZ12GR58lrDgg6MXZp2a3.png
7225;DHX Media;CA;https://image.tmdb.org/t/p/original/qcGIZjdRc1YOJPyWhBj9L2Rf3q9.png
7291;Olive Bridge Entertainment;US;https://image.tmdb.org/t/p/original/eo8YnSO7wpUHVEprnMDOUcalhFD.png
7294;Reliance Entertainment;IN;https://image.tmdb.org/t/p/original/kK4PRgceWp9KNrycD8xx8seWxYU.png
7295;Relativity Media;US;https://image.tmdb.org/t/p/original/5MYE96QiE5a5oFhXxFb4y8ILSpw.png
7297;Fairview Entertainment;US;https://image.tmdb.org/t/p/original/l29JYQVZbTcjZXoz4CUYFpKRmM3.png
7311;Kerner Entertainment Company;;https://image.tmdb.org/t/p/original
7405;Dimension Films;US;https://image.tmdb.org/t/p/original/rfnws0uY8rsNAsrLbx3gEIcYXx3.png
7470;Esperanto Filmoj;US;https://image.tmdb.org/t/p/original
7485;Fox International Productions;US;https://image.tmdb.org/t/p/original/vpOrqLxZ6JkrCFdi3ZUWhHKmDEM.png
7490;TSBD Canada Productions;;https://image.tmdb.org/t/p/original
7501;Soyuzmultfilm;RU;https://image.tmdb.org/t/p/original/hz8piJ9Np1MswUyav0JDNGf42pO.png
7505;Marvel Entertainment;US;https://image.tmdb.org/t/p/original/837VMM4wOkODc1idNxGT0KQJlej.png
7584;Screen Australia;AU;https://image.tmdb.org/t/p/original/eGkfvvyf4fJTvBUR1xt1669IPA3.png
7639;PennFilm Studio;SE;https://image.tmdb.org/t/p/original
7959;Extrafilm;AT;https://image.tmdb.org/t/p/original
7963;Les Productions René Goscinny;;https://image.tmdb.org/t/p/original
7964;Studios Idéfix;;https://image.tmdb.org/t/p/original
7965;The Ladd Company;US;https://image.tmdb.org/t/p/original
7981;Pathé;FR;https://image.tmdb.org/t/p/original/6Yv1gIAuGkHS5Vis4UjnqHhCPWV.png
8000;Broken Road Productions;US;https://image.tmdb.org/t/p/original/f8NwLg72BByt3eav7lX1lcJfe60.png
8089;Animal Logic;AU;https://image.tmdb.org/t/p/original/kEUAzsG2hZcCV7rmSCozgLhGWaa.png
8157;jeki;JP;https://image.tmdb.org/t/p/original/yHOC2PPmj6j2zzRqwdufCZauFxI.png
8175;Monipoly Productions;;https://image.tmdb.org/t/p/original
8177;Rothkirch Cartoon Film;;https://image.tmdb.org/t/p/original
8178;Comet Film;;https://image.tmdb.org/t/p/original
8582;The Canadian Film or Video Production Tax Credit (CPTC);CA;https://image.tmdb.org/t/p/original
8601;Tim Burton Productions;;https://image.tmdb.org/t/p/original
8649;Mikros Image;;https://image.tmdb.org/t/p/original
8676;uFilm;BE;https://image.tmdb.org/t/p/original/5u4GmXn4QMU39GQxGZoGfNtQ23r.png
8816;Northern Lights Entertainment;US;https://image.tmdb.org/t/p/original
8921;United Plankton Pictures;US;https://image.tmdb.org/t/p/original
9149;Shogakukan;JP;https://image.tmdb.org/t/p/original/isLUpud9N56ifftJZ4XvzwBBpoG.png
9169;Hemisphere Media Capital;;https://image.tmdb.org/t/p/original
9269;Global Medien KG;DE;https://image.tmdb.org/t/p/original
9383;Blue Sky Studios;US;https://image.tmdb.org/t/p/original/ppeMh4iZJQUMm1nAjRALeNhWDfU.png
9965;Ánima Estudios;MX;https://image.tmdb.org/t/p/original/sxA2AfKijRSS1dxcXejJ27wg20H.png
9993;DC Entertainment;US;https://image.tmdb.org/t/p/original/2Tc1P3Ac8M479naPp1kYT3izLS5.png
9995;Cruel & Unusual Films;US;https://image.tmdb.org/t/p/original/mAIGhOYhN4N2N0F7p4dbKhgXf3l.png
9996;Syncopy;GB;https://image.tmdb.org/t/p/original/3tvBqYsBhxWeHlu62SIJ1el93O7.png
10038;Square Enix;JP;https://image.tmdb.org/t/p/original/nCueXKwYIEXrZ5ofqSJBO1YcmRr.png
10146;Focus Features;US;https://image.tmdb.org/t/p/original/xnFIOeq5cKw09kCWqV7foWDe4AA.png
10156;Affirm Films;US;https://image.tmdb.org/t/p/original/bWjWWQfiyZh9AkGYCkx1NcVdSvn.png
10159;nWave Pictures;BE;https://image.tmdb.org/t/p/original
10160;Illuminata Pictures;US;https://image.tmdb.org/t/p/original
10163;Working Title Films;GB;https://image.tmdb.org/t/p/original/16KWBMmfPX0aJzDExDrPxSLj0Pg.png
10201;Interscope Communications;;https://image.tmdb.org/t/p/original
10208;Long Road Productions;;https://image.tmdb.org/t/p/original
10211;Alfran Productions;US;https://image.tmdb.org/t/p/original
10221;Walden Media;US;https://image.tmdb.org/t/p/original/99VfWRgKasZoyK9UVB39gnYvFrZ.png
10224;Museum Canada Productions;;https://image.tmdb.org/t/p/original
10227;Mandeville Films;US;https://image.tmdb.org/t/p/original/3YfRy3DBl4abcqkzGx4RVNz12yl.png
10256;Disruption Entertainment;;https://image.tmdb.org/t/p/original
10280;Arc Productions;;https://image.tmdb.org/t/p/original
10282;Silver Screen Partners IV;US;https://image.tmdb.org/t/p/original
10288;Don Simpson/Jerry Bruckheimer Films;US;https://image.tmdb.org/t/p/original
10338;Perfect World Pictures;CN;https://image.tmdb.org/t/p/original/el2ap6lvjcEDdbyJoB3oKiYgXu9.png
10342;Studio Ghibli;JP;https://image.tmdb.org/t/p/original/dT3UbXjca6TClutHJtr7GhkRALP.png
10611;Ciné+;FR;https://image.tmdb.org/t/p/original/zQ4fGaEnNkWfSzyygXRcUZwPmDG.png
10644;Blur Studio;US;https://image.tmdb.org/t/p/original/ocLZIdYJBppuCt1rhYEb2jbpt5F.png
10807;Troublemaker Studios;US;https://image.tmdb.org/t/p/original/j0BcMaJKIiDDYHq9lriTcM0Npka.png
10930;Bagdasarian Productions;;https://image.tmdb.org/t/p/original
10937;Grey Matter Entertainment;;https://image.tmdb.org/t/p/original
10951;Screen NSW;AU;https://image.tmdb.org/t/p/original/48iBaAPgtoirf3C25HNkL9MhWfj.png
11029;QED International;US;https://image.tmdb.org/t/p/original/aEqqnFZjCW10ODE4TYQ1qkjvokr.png
11098;The Harvey Entertainment Company;US;https://image.tmdb.org/t/p/original/kFusuY8kFGTO17faXc52RWKvG5A.png
11199;SCOPE Pictures;BE;https://image.tmdb.org/t/p/original/ursSXLOZaDxiZ84sEgfXbiFnYaa.png
11200;Buena Vista Home Entertainment;;https://image.tmdb.org/t/p/original
11246;Région Ile-de-France;FR;https://image.tmdb.org/t/p/original/4YZ5CQZkJa2FIKGtjLLoKhNOAIw.png
11249;Farah Films & Management;;https://image.tmdb.org/t/p/original
11261;M6;FR;https://image.tmdb.org/t/p/original/g7p4vSwqsIo6zYptyN3hoDxFp7y.png
11327;Shirogumi;JP;https://image.tmdb.org/t/p/original
11376;NHK Enterprises;JP;https://image.tmdb.org/t/p/original/lrglrxyGOMRl9KCsmcjmzjjpT2H.png
11395;ImageMovers;US;https://image.tmdb.org/t/p/original/5vSBzUwnCcaF90ZTchG3LwRKQ2M.png
11461;Bad Robot;US;https://image.tmdb.org/t/p/original/p9FoEt5shEKRWRKVIlvFaEmRnun.png
11537;Laika Entertainment;US;https://image.tmdb.org/t/p/original/AgCkAk8EpUG9fTmK6mWcaJA2Zwh.png
11565;The Safran Company;US;https://image.tmdb.org/t/p/original
11620;OCS;FR;https://image.tmdb.org/t/p/original/f3hRdCaK1w9qH1Qs8nLd2L2bae1.png
11661;Rysher Entertainment;;https://image.tmdb.org/t/p/original
11726;The Yomiuri Shimbun;JP;https://image.tmdb.org/t/p/original
11749;20th Century Fox Animation;US;https://image.tmdb.org/t/p/original/5AzTeZkSCFhiGZ86g2nz8SAHtgy.png
11846;Hakuhodo DY Media Partners;JP;https://image.tmdb.org/t/p/original/olUFlCIaeecGrCTE4WLbF3ro7pa.png
11847;Mitsubishi;JP;https://image.tmdb.org/t/p/original/rZP0I1p3hZNUMNFPHUSal6rWThQ.png
11848;KDDI;JP;https://image.tmdb.org/t/p/original
11849;Lawson;;https://image.tmdb.org/t/p/original
11918;Animationsfabrik;DE;https://image.tmdb.org/t/p/original
11930;Kumar Mobiliengesellschaft mbH & Co. Projekt Nr. 2 KG;;https://image.tmdb.org/t/p/original
12096;Mandarin Films;CN;https://image.tmdb.org/t/p/original
12199;Madhouse Entertainment;US;https://image.tmdb.org/t/p/original/gYYIgHpgRsyhyUkeFev1GnwBqHb.png
12288;Nintendo;JP;https://image.tmdb.org/t/p/original/e4dQAqZD374H5EuM0W1ljEBWTKy.png
12292;Temple Hill Entertainment;US;https://image.tmdb.org/t/p/original/llGRXF5WYUW2fzXg0ebCoKMXjmT.png
12307;Creatures;;https://image.tmdb.org/t/p/original
12386;ROBOT;JP;https://image.tmdb.org/t/p/original
12407;Panache Productions;BE;https://image.tmdb.org/t/p/original
12502;Bandai Namco Entertainment;JP;https://image.tmdb.org/t/p/original/aDcFy26DtVbyZIFOZNTLsooWH5X.png
12516;Nibariki;JP;https://image.tmdb.org/t/p/original
12518;d-rights;JP;https://image.tmdb.org/t/p/original/qJZAVb8vx6qFLQJ6cunRkVUJVdB.png
12523;Tokuma Japan Communications Co. Ltd.;;https://image.tmdb.org/t/p/original
12626;Boxing Cat Films;US;https://image.tmdb.org/t/p/original
12653;Pikachu Project;JP;https://image.tmdb.org/t/p/original
12654;The Pokémon Company;JP;https://image.tmdb.org/t/p/original/3sHXKnICfbRBtC9PN82MQ6cdlLV.png
12655;Shogakukan-Shueisha Productions;JP;https://image.tmdb.org/t/p/original
12852;Shout! Factory;US;https://image.tmdb.org/t/p/original/a2yqtzhDsTCsgccaed7tVCWjkhD.png
13070;Tomy;JP;https://image.tmdb.org/t/p/original
13184;Annapurna Pictures;US;https://image.tmdb.org/t/p/original/pfUB1a62jSMIqp4Xmaq6z2cgW0B.png
13240;Bron Studios;CA;https://image.tmdb.org/t/p/original/aTc07YaNHo8WNgkQSnvLmG6w4nW.png
13270;ILBE - Iervolino & Lady Bacardi Entertainment;IT;https://image.tmdb.org/t/p/original
13675;Village Roadshow Entertainment;AU;https://image.tmdb.org/t/p/original
13730;Edgar Rice Burroughs Inc.;;https://image.tmdb.org/t/p/original
14384;Translux;;https://image.tmdb.org/t/p/original
14439;Arad Productions;US;https://image.tmdb.org/t/p/original
14440;Red Wagon Entertainment;;https://image.tmdb.org/t/p/original
14714;China Film Group Corporation;CN;https://image.tmdb.org/t/p/original/oQHaOZEnPzlJACVTisV0FICrS82.png
14758;DCM Pictures;DE;https://image.tmdb.org/t/p/original/eCYPzcnF5KidrKPOT90ANslOKMx.png
15285;Lightbox Entertainment;GB;https://image.tmdb.org/t/p/original/rt5C9eCSrz7K1ReFRfTfddpe9K3.png
15505;NHK;JP;https://image.tmdb.org/t/p/original/w5QS8A009RWYz0oi0tP4OWoGb5E.png
16268;El Toro Pictures;ES;https://image.tmdb.org/t/p/original
16314;Roth Films;US;https://image.tmdb.org/t/p/original
16494;BermanBraun;US;https://image.tmdb.org/t/p/original
16670;Société Nouvelle de Cinématographie (SNC);FR;https://image.tmdb.org/t/p/original
16742;Telefónica Studios;ES;https://image.tmdb.org/t/p/original
17012;Timeless Films;;https://image.tmdb.org/t/p/original
17021;Lucamar Productions;;https://image.tmdb.org/t/p/original
17449;Grosvenor Park Productions;US;https://image.tmdb.org/t/p/original
17588;2000 Bilder;;https://image.tmdb.org/t/p/original
18570;Master Films;;https://image.tmdb.org/t/p/original
18642;Rovio Entertainment;FI;https://image.tmdb.org/t/p/original/1q3tQzSNVpuCvYy1T3m8gKYrXwS.png
18713;Prana Studios;;https://image.tmdb.org/t/p/original
19037;uMedia;BE;https://image.tmdb.org/t/p/original/tceh2aAORA5JxIZSLQ1GkzTBZDL.png
19231;Patalex III Productions Limited;;https://image.tmdb.org/t/p/original
19331;Kiddinx Filmproduktion;;https://image.tmdb.org/t/p/original
19649;Key Pix Productions;;https://image.tmdb.org/t/p/original
19890;Mac Guff Ligne;FR;https://image.tmdb.org/t/p/original
19936;Second Mate Productions;US;https://image.tmdb.org/t/p/original
20035;Sun Canada Productions;;https://image.tmdb.org/t/p/original
20064;Next Entertainment World;KR;https://image.tmdb.org/t/p/original/2In7Heq6DuXDjOwPmJqHWkpohaL.png
20154;Mad Hatter Entertainment;US;https://image.tmdb.org/t/p/original
20409;Les Éditions Albert René;FR;https://image.tmdb.org/t/p/original/4zc3s2aIeZQfUVxrhr2JJ7TyzFn.png
20448;U-Drive Productions;US;https://image.tmdb.org/t/p/original
20478;Moving Picture Company;GB;https://image.tmdb.org/t/p/original/gSS2OBc6dRsK2ewRx5lcwnARrpl.png
20556;Studio Colorido;JP;https://image.tmdb.org/t/p/original/vtDnd97vIv35YpJzQ5k2H4LP0uv.png
20613;SC Films International;;https://image.tmdb.org/t/p/original
20664;Anton Capital Entertainment (ACE);;https://image.tmdb.org/t/p/original/iRrZpxnYNDnVXJkr6HiLgSLlqRc.png
21199;Brillstein Entertainment Partners;US;https://image.tmdb.org/t/p/original/freGVtYt766cJ6HollWKl8RO64a.png
21920;The Steve Tisch Company;;https://image.tmdb.org/t/p/original
22123;TF1;FR;https://image.tmdb.org/t/p/original/zPTy6QDAlCKGeAALZoFEL3QAlut.png
22127;uFund;BE;https://image.tmdb.org/t/p/original/lgkXXc4hyHH6WqVMJVUFrhFIjm5.png
22135;Prana Animation Studios;;https://image.tmdb.org/t/p/original
22213;TSG Entertainment;US;https://image.tmdb.org/t/p/original/qx9K6bFWJupwde0xQDwOvXkOaL8.png
22826;Hasbro Studios;US;https://image.tmdb.org/t/p/original/37ZxE1qShQ44VdsRPkO1zOtnMKi.png
23399;King Records;JP;https://image.tmdb.org/t/p/original/tXMheRYcKXCK1a90NRESqO1ibhQ.png
23499;Compagnie Française Cinématographique (CFC);;https://image.tmdb.org/t/p/original
23948;Cartoon Saloon;IE;https://image.tmdb.org/t/p/original/uneZYGxTZcwAzmPTTaefmDNWPzN.png
23953;Triggerfish Animation Studios;ZA;https://image.tmdb.org/t/p/original/u5PflbHJXrQ2hyWw2R849pQ8Lq4.png
24097;NeoReel;;https://image.tmdb.org/t/p/original
24430;BeTV;BE;https://image.tmdb.org/t/p/original/7ZIwXTA5QVD6feybiITOL6OYJPJ.png
24955;Paramount Animation;US;https://image.tmdb.org/t/p/original/bX3cYCRWdddXTgIcDEfNiVa8U4j.png
25032;Cinema Management Group;;https://image.tmdb.org/t/p/original
25120;Warner Animation Group;US;https://image.tmdb.org/t/p/original/lqUpBvDLQYG3QaKNpe2lxfpgh36.png
25608;Quick Draw Productions;US;https://image.tmdb.org/t/p/original
25894;Studio 100;BE;https://image.tmdb.org/t/p/original/sqfAZ2i3iyLUrWFknRrD0dfc7iw.png
25954;Metrol Technology;GB;https://image.tmdb.org/t/p/original
26027;Teleclub;CH;https://image.tmdb.org/t/p/original/sHNTPJu0ePn5PqHRcA6nncNWN0L.png
28280;Tobis Film;DE;https://image.tmdb.org/t/p/original
28320;Rocket Pictures;GB;https://image.tmdb.org/t/p/original/5UPGj1MwzrtxclRGTfeiQ1J0zVk.png
28381;Dr D Studios;;https://image.tmdb.org/t/p/original
28382;Kennedy Miller Mitchell;;https://image.tmdb.org/t/p/original
28792;TAT Productions;FR;https://image.tmdb.org/t/p/original
28831;Shout! Factory;;https://image.tmdb.org/t/p/original
29070;SD Entertainment;US;https://image.tmdb.org/t/p/original
29326;Dutch Filmworks;NL;https://image.tmdb.org/t/p/original/48DThnoazC9wvKo8SieLzICIX0m.png
29566;Atresmedia;ES;https://image.tmdb.org/t/p/original/wHbtRtUnXGNzX0riQIpq1fcgueq.png
30900;Mirage Studios;;https://image.tmdb.org/t/p/original
31015;Keystone Family Pictures;;https://image.tmdb.org/t/p/original
31058;Wit Studio;;https://image.tmdb.org/t/p/original
33089;TeamTO;FR;https://image.tmdb.org/t/p/original/duXAF2LB2BgSFJ3CqRxQJUyM5js.png
34069;Panique!;BE;https://image.tmdb.org/t/p/original/i8ALsnHxQ5JsQdoiHY1vxEmoEnJ.png
34441;Littlestar;GB;https://image.tmdb.org/t/p/original
34557;Taikei Office;;https://image.tmdb.org/t/p/original
34558;Asahi Soft Drinks Company;;https://image.tmdb.org/t/p/original
34774;W9;;https://image.tmdb.org/t/p/original
35076;Footprint Features;US;https://image.tmdb.org/t/p/original/tjL893PyjsZ1PELRu7gvitNAzcC.png
36434;Ocean Blue Entertainment;US;https://image.tmdb.org/t/p/original/57HyIzqTJMO2rYGjhQbrwITFWV0.png
37871;T-Street Productions;US;https://image.tmdb.org/t/p/original/lZW4kQSSLFldUpjjtfcECutV8Pr.png
39092;Gaumont Alphanim;;https://image.tmdb.org/t/p/original
40890;China Film Co.;CN;https://image.tmdb.org/t/p/original
41624;RatPac-Dune Entertainment;US;https://image.tmdb.org/t/p/original/wzKxIeQKlMP0y5CaAw25MD6EQmf.png
42145;SRF;CH;https://image.tmdb.org/t/p/original/fX8uY3tXWh814PLVqKM0IJEoDPW.png
42332;Glen Keane Productions;;https://image.tmdb.org/t/p/original
42622;Blue Dream Studios;US;https://image.tmdb.org/t/p/original/uMW1dLhUZ9PSoSvIPnsosazuM80.png
42623;Beijing Wen Hua Dong Run Investment Co.;;https://image.tmdb.org/t/p/original
43498;Resnick Interactive Development;US;https://image.tmdb.org/t/p/original
44311;Steven Paul Production;;https://image.tmdb.org/t/p/original
46188;Kiddinx Filmproduction;;https://image.tmdb.org/t/p/original
46315;Wizart Animation;RU;https://image.tmdb.org/t/p/original/hnLZ2bfiSnZQktbPJPr0I55iP2n.png
46875;Nitrogen Studios Canada;;https://image.tmdb.org/t/p/original
47586;Zaftig Films;;https://image.tmdb.org/t/p/original
49983;Mattel Entertainment;;https://image.tmdb.org/t/p/original
50246;Mirrorball Films;GB;https://image.tmdb.org/t/p/original/y0vbzrrOddozKWoGMW3a5YYqydw.png
50494;Clear Pictures Entertainment;;https://image.tmdb.org/t/p/original
51627;Janet Yang Productions;US;https://image.tmdb.org/t/p/original
53152;Creative Wealth Media Finance;CA;https://image.tmdb.org/t/p/original/8XHHLy8GGTuHM9JMzYjGqxB6oPa.png
53215;Get Lifted Film Company;US;https://image.tmdb.org/t/p/original
55512;Theobald Film Productions;;https://image.tmdb.org/t/p/original
55527;Courtside Seats Productions;;https://image.tmdb.org/t/p/original
56933;Studio VOLN;JP;https://image.tmdb.org/t/p/original/ogbbk2xvszgQwkf4msNbH5lhsM9.png
57031;Allspark Pictures;US;https://image.tmdb.org/t/p/original
57750;Twilight Productions;US;https://image.tmdb.org/t/p/original
57977;The Asahi Shimbun;JP;https://image.tmdb.org/t/p/original/2JcgVKZ1gEY5RsLJU1CGj1MaKFj.png
58321;TSBD Louisiana;;https://image.tmdb.org/t/p/original
58322;TSBD Productions;;https://image.tmdb.org/t/p/original
58331;Franklin/Waterman Productions;US;https://image.tmdb.org/t/p/original
59118;Kodansha;JP;https://image.tmdb.org/t/p/original/3KwKCviJ67dCm7m740cdaLt1VS8.png
60440;Grid Animation;BE;https://image.tmdb.org/t/p/original/4NMTXoDWxYd8TUwkQCItUjcHHMu.png
60843;Transfilm International;CA;https://image.tmdb.org/t/p/original
61239;Chuan Films;;https://image.tmdb.org/t/p/original
61377;Franklin Entertainment;US;https://image.tmdb.org/t/p/original/6IQmmSszsXcxbew25Dgvu3cvmRd.png
61460;Ukrainian State Film Agency;UA;https://image.tmdb.org/t/p/original/3yPCkEWvnabeiF8l3sjUBHlRq0j.png
62866;Futabasha;JP;https://image.tmdb.org/t/p/original
62976;Silvergate Media;;https://image.tmdb.org/t/p/original
63189;Carmel Creek Productions;;https://image.tmdb.org/t/p/original
64216;Brad Krevoy Television;US;https://image.tmdb.org/t/p/original/Eg9VjIFt743LPYaK8Ag0fuhWGo.png
65013;Boulder Media;;https://image.tmdb.org/t/p/original
65393;Cecchi Gori Pictures;;https://image.tmdb.org/t/p/original
66331;Bonne Pioche;FR;https://image.tmdb.org/t/p/original/n2gAOEA4q6bUiaHwo2mKWHGA1wm.png
67089;Light Chaser Animation Studios;CN;https://image.tmdb.org/t/p/original/1wnxolUB5NHZARmeeZjVXKpGKaI.png
67327;Splash Entertainment;US;https://image.tmdb.org/t/p/original
68112;Studio 100 Media;DE;https://image.tmdb.org/t/p/original/tyKz3ju6yod8fza47LH22bLpGSs.png
69437;One Cool Film Production;;https://image.tmdb.org/t/p/original
69484;Alibaba Pictures Group;CN;https://image.tmdb.org/t/p/original/2xtmvbEse87LM7OJXVksv7DToZx.png
69625;Universal City Studios;;https://image.tmdb.org/t/p/original
70995;Imagi Production;;https://image.tmdb.org/t/p/original
71194;Original Force Animation;;https://image.tmdb.org/t/p/original
71963;TOHO Animation;JP;https://image.tmdb.org/t/p/original/8YTVwpqHtS42dlG6F2mZ8m5IDI4.png
72118;Simba Entertainment;;https://image.tmdb.org/t/p/original
72280;Telegael;IE;https://image.tmdb.org/t/p/original
72281;Assemblage Entertainment;IN;https://image.tmdb.org/t/p/original
73025;Kinoshita Group;JP;https://image.tmdb.org/t/p/original/zYb2OfWjKvNlngpq4LemY9JVC51.png
73369;Wrong Men;GR;https://image.tmdb.org/t/p/original
73669;Seven Bucks Productions;US;https://image.tmdb.org/t/p/original/7tmSGstK3KwgcDIuBYLTAayjit9.png
73832;MVP Studios;;https://image.tmdb.org/t/p/original
73951;Classic Media Productions;;https://image.tmdb.org/t/p/original
73952;Bullwinkle Studios;;https://image.tmdb.org/t/p/original
75234;Cinesite Animation;;https://image.tmdb.org/t/p/original
75242;Pictanovo;FR;https://image.tmdb.org/t/p/original/pviLhXu8yVavzS2Z1pthpv9Z4w5.png
76266;Pearl Studio;CN;https://image.tmdb.org/t/p/original
76467;GAME FREAK;JP;https://image.tmdb.org/t/p/original
76563;Full Twisting Double Back;AU;https://image.tmdb.org/t/p/original
76742;L'Atelier Animation;CA;https://image.tmdb.org/t/p/original/7DPDeTgKBiuiRUtX4VLQJo2ojpr.png
77884;Marza Animation Planet;JP;https://image.tmdb.org/t/p/original/dP2lxVNctD5Cried0IWVqgrO2o9.png
77973;Lord Miller;US;https://image.tmdb.org/t/p/original
78298;Belga Productions;BE;https://image.tmdb.org/t/p/original/9U7x4fLDn8EVEZTc4usYeJV1uHF.png
78669;WV Enterprises;;https://image.tmdb.org/t/p/original
78984;Entertainment 360;US;https://image.tmdb.org/t/p/original
80970;MXN Entertainment;US;https://image.tmdb.org/t/p/original/tnRjZHsggCvK0hZUjDrGSIARsU8.png
81139;Vanguard Animation;;https://image.tmdb.org/t/p/original
81368;Live Nation Productions;US;https://image.tmdb.org/t/p/original/srN5L2dTtbsb48VUHvpNG71pT7q.png
81620;Tencent Pictures;CN;https://image.tmdb.org/t/p/original/gNp4dfuBOXmVWdGKb63NfbFNbFi.png
82077;Sprite Animation Studios;JP;https://image.tmdb.org/t/p/original/hi0p12Ca9Kvdme4H9C5zI5J6C9S.png
82554;Axis Studios;GB;https://image.tmdb.org/t/p/original/mysuk1yteR3zcoJsDaFF8D3bjKF.png
82819;Skydance Media;US;https://image.tmdb.org/t/p/original/5Z8WWr0Lf1tInVWwJsxPP0uMz9a.png
82853;Tangent Animation;;https://image.tmdb.org/t/p/original
83035;22 & Green;US;https://image.tmdb.org/t/p/original
83036;Joint Effort;US;https://image.tmdb.org/t/p/original
83645;Huahua Media;CN;https://image.tmdb.org/t/p/original
83838;Wanda Pictures;CN;https://image.tmdb.org/t/p/original
84041;Pascal Pictures;US;https://image.tmdb.org/t/p/original/XmHMPGzdI5c4WGX1YlxU4s2v7T.png
84423;Failure to Launch Productions;;https://image.tmdb.org/t/p/original
84792;2.0 Entertainment;US;https://image.tmdb.org/t/p/original
86839;ABC Animation;JP;https://image.tmdb.org/t/p/original/cnOJAkVVmKZLIzmgw4fRRZ2dctT.png
87590;Kingsway Productions;US;https://image.tmdb.org/t/p/original/xYW2wLOhb1vgH5uaTbfhivnnoX3.png
87591;Conglomerate Media;US;https://image.tmdb.org/t/p/original/fBwLpJKvsuy4aQ56BK2tKD0Q45C.png
88548;Story Ink;;https://image.tmdb.org/t/p/original
88981;Seaside Entertainment;;https://image.tmdb.org/t/p/original
89131;Orr & Cruickshank;;https://image.tmdb.org/t/p/original
89136;DNA Productions;;https://image.tmdb.org/t/p/original/5w19JCYpAshGGSIh1fTgwswl4DC.png
89254;Jason T. Reed Productions;US;https://image.tmdb.org/t/p/original
89486;Dream Factory Group;CN;https://image.tmdb.org/t/p/original/oepaJeAi2k0nYeLf06AUxqGPSjR.png
89487;Mandoo Pictures;;https://image.tmdb.org/t/p/original
89488;Huayi Tencent Entertainment Company;;https://image.tmdb.org/t/p/original
89489;Eracme Entertainment;;https://image.tmdb.org/t/p/original
89705;Folivari;FR;https://image.tmdb.org/t/p/original/9lUhHbMr32wzkDgaOMNrzIu66YC.png
90333;La Station d'Animation;;https://image.tmdb.org/t/p/original
91920;Rovio Animation;FI;https://image.tmdb.org/t/p/original/e4RmN11AuFTkhDjQFeNng3Fyqzx.png
92840;Logical Pictures;FR;https://image.tmdb.org/t/p/original
93408;FortyFour Studios;;https://image.tmdb.org/t/p/original
93466;Weying Galaxy Entertainment;;https://image.tmdb.org/t/p/original
95590;3QU Media;;https://image.tmdb.org/t/p/original
96541;Reel FX Animation Studios;US;https://image.tmdb.org/t/p/original
97584;Entertainment Studios Motion Pictures;US;https://image.tmdb.org/t/p/original/ckprwdSrV5PKGAjnczRZBipebE4.png
100870;RISE PICTURES;DE;https://image.tmdb.org/t/p/original
101302;Endemol Polska;;https://image.tmdb.org/t/p/original
101644;The SPA Studios;ES;https://image.tmdb.org/t/p/original
101767;Glenpictures;AU;https://image.tmdb.org/t/p/original
102301;Polymorphic Pictures;;https://image.tmdb.org/t/p/original
102302;CD2 Films;;https://image.tmdb.org/t/p/original
102618;Lensbern Productions;US;https://image.tmdb.org/t/p/original
102897;Rainmaker Entertainment;CA;https://image.tmdb.org/t/p/original/ackYRJXIse2uoLDawNVs1HzEJgm.png
103536;Symbolic Exchange;US;https://image.tmdb.org/t/p/original
103698;Good Fear;US;https://image.tmdb.org/t/p/original/qS01bSMe274ecTdrgyO3BBvzfKK.png
104228;Maximum Effort;US;https://image.tmdb.org/t/p/original
104638;Studio B Animation;;https://image.tmdb.org/t/p/original
104931;Amazon Prime Video;;https://image.tmdb.org/t/p/original/aNOZx62BIqRT1ji0gWowiNRXZ4o.png
104972;Global Road Entertainment;;https://image.tmdb.org/t/p/original/y1MOtyfXpKTZVJsSF2djhNqP1rd.png
105276;El Toro Pictures;;https://image.tmdb.org/t/p/original
105298;Cinesite;;https://image.tmdb.org/t/p/original
106008;Animagrad Animation Studio;UA;https://image.tmdb.org/t/p/original/lxEXqPBVaruHI6VtuVzwMLZnfHb.png
106055;Marmalade Films Ltd.;;https://image.tmdb.org/t/p/original/5KW8igTAQz4nHydtzuIfWN30oYv.png
107183;DNEG;US;https://image.tmdb.org/t/p/original/omWPoru2LNayUOBqjMBLP9KrFrP.png
107335;Baozou Manhua;;https://image.tmdb.org/t/p/original
107790;Flagship Entertainment Group;CN;https://image.tmdb.org/t/p/original
108270;Lucasfilm Animation;US;https://image.tmdb.org/t/p/original/eDWGeg5tdVNcI8aBaaJ21bEBtFa.png
109148;Beijing Sparkle Roll Media Corporation;;https://image.tmdb.org/t/p/original
110831;Storyoscopic Films;;https://image.tmdb.org/t/p/original
111025;Bron Animation;;https://image.tmdb.org/t/p/original
111372;Cyborn;BE;https://image.tmdb.org/t/p/original/AcGUKknJRR0oACxehbXFnCBg2fX.png
111905;All Canadian Entertainment;CA;https://image.tmdb.org/t/p/original
111963;Croatian Audiovisual Centre;;https://image.tmdb.org/t/p/original
112502;Rodeo FX;;https://image.tmdb.org/t/p/original
112611;Panoramic Pictures;CA;https://image.tmdb.org/t/p/original
112779;Walt Disney Animation;FR;https://image.tmdb.org/t/p/original
113241;Elemental Films;GB;https://image.tmdb.org/t/p/original/5VTEPsdFToSv89HyCtUTAElsnQk.png
113731;JC2 Animated Entertainment;;https://image.tmdb.org/t/p/original
113732;Lords Productions;;https://image.tmdb.org/t/p/original
113733;Strategic Dreamers;;https://image.tmdb.org/t/p/original
113734;310 Studios;;https://image.tmdb.org/t/p/original
113735;Arkwatch Holdings;;https://image.tmdb.org/t/p/original
114052;Tomy Company, Ltd.;JP;https://image.tmdb.org/t/p/original
115634;Camp Sugar;;https://image.tmdb.org/t/p/original
115965;Red Star 3D;GB;https://image.tmdb.org/t/p/original
116599;LINE;JP;https://image.tmdb.org/t/p/original/wapREUfbz9OSixK13IMSKAAGjQh.png
116793;Sudoku;DK;https://image.tmdb.org/t/p/original
116794;Pop Up Production;DK;https://image.tmdb.org/t/p/original
118854;Rideback;US;https://image.tmdb.org/t/p/original/g9LPNlQFoDcHjfnvrEqFmeIaDrZ.png
120239;Hikari TV;JP;https://image.tmdb.org/t/p/original
120406;Province of British Columbia Production Services Tax Credit;;https://image.tmdb.org/t/p/original
121424;PCMA Productions;;https://image.tmdb.org/t/p/original
121604;Base FX;;https://image.tmdb.org/t/p/original
121605;Locksmith Animation;GB;https://image.tmdb.org/t/p/original/4rc0vsJWygNm9ojrxSdPVU9jKyj.png
123789;Off Camera Entertainment;;https://image.tmdb.org/t/p/original
124710;Brad Krevoy Productions;;https://image.tmdb.org/t/p/original
124805;260 Degrees Entertainment;;https://image.tmdb.org/t/p/original
125055;Hyperobject Industries;US;https://image.tmdb.org/t/p/original/8iY66HqRqdQdwOjoS3sNvokcH9r.png
127742;Riviera Films;US;https://image.tmdb.org/t/p/original
127789;Région Occitanie/Pyrénées-Méditerranée;FR;https://image.tmdb.org/t/p/original
127928;20th Century Studios;US;https://image.tmdb.org/t/p/original/h0rjX5vjW5r8yEnUBStFarjcLT4.png
128064;DC Films;US;https://image.tmdb.org/t/p/original/13F3Jf7EFAcREU0xzZqJnVnyGXu.png
129771;Legacy Classics;;https://image.tmdb.org/t/p/original
129772;Andrews McMeel Universal;;https://image.tmdb.org/t/p/original
129773;One Cool Group;;https://image.tmdb.org/t/p/original
129774;W2 Studios;;https://image.tmdb.org/t/p/original
130123;Deutsches Filmorchester Babelsberg;;https://image.tmdb.org/t/p/original
130170;Bildmakarna Berg;SE;https://image.tmdb.org/t/p/original
130171;Salikon Film & Saltkråkan;SE;https://image.tmdb.org/t/p/original
130752;Brilliant Casting;;https://image.tmdb.org/t/p/original
132947;WulfPak Productions;;https://image.tmdb.org/t/p/original
134396;Resonate Entertainment;US;https://image.tmdb.org/t/p/original
134397;Bitter Boy Productions Ltd.;;https://image.tmdb.org/t/p/original
137586;Mattel Television;;https://image.tmdb.org/t/p/original
138907;Image Comics;;https://image.tmdb.org/t/p/original
140450;TV Tokyo Corporation;JP;https://image.tmdb.org/t/p/original/uouecAEJtPaYcThiG5aoEGN6sgT.png
141821;20th Century Animation;US;https://image.tmdb.org/t/p/original/dvIQq8TmQJydp9BzBCVyNZBlOnA.png
141919;MSR Media;GB;https://image.tmdb.org/t/p/original
142311;Aniventure;;https://image.tmdb.org/t/p/original
142395;LUNI Productions GmbH and Company KG;;https://image.tmdb.org/t/p/original
143191;Hurwitz Creative;;https://image.tmdb.org/t/p/original
143396;Able & Baker;ES;https://image.tmdb.org/t/p/original
143397;Lumatic;DE;https://image.tmdb.org/t/p/original
143947;CCTV Animation;;https://image.tmdb.org/t/p/original
144320;Dingie;BE;https://image.tmdb.org/t/p/original
145105;Tohan;JP;https://image.tmdb.org/t/p/original
145106;Your Pancreas Anime Film Partners;;https://image.tmdb.org/t/p/original
146118;Octopolis;;https://image.tmdb.org/t/p/original
146885;The Roald Dahl Story Company;GB;https://image.tmdb.org/t/p/original
151541;Mainframe Studios;;https://image.tmdb.org/t/p/original
155586;Bandai;JP;https://image.tmdb.org/t/p/original/rogLuRSNdqLI9r29ZCzD0i0kfJW.png
158413;Double R Productions;;https://image.tmdb.org/t/p/original
161410;Blackjack Films;US;https://image.tmdb.org/t/p/original
163862;Netmarble;KR;https://image.tmdb.org/t/p/original
163863;Bandai Namco Amusement;JP;https://image.tmdb.org/t/p/original
166230;Avi Arad Productions;US;https://image.tmdb.org/t/p/original
168091;River Productions Ltd;;https://image.tmdb.org/t/p/original
170390;Fezziwig Studios;;https://image.tmdb.org/t/p/original
171251;Netflix Animation;US;https://image.tmdb.org/t/p/original/AqUAfMC270bGGK09Nh3mycwT1hY.png
171791;Wild Space Productions;GB;https://image.tmdb.org/t/p/original
171792;Freeborne Media;GB;https://image.tmdb.org/t/p/original
177082;Chatrone;US;https://image.tmdb.org/t/p/original
178464;Netflix;US;https://image.tmdb.org/t/p/original/tyHnxjQJLH6h4iDQKhN5iqebWmX.png
180075;Grumpy Entertainment;;https://image.tmdb.org/t/p/original
193620;Pistor Productions;US;https://image.tmdb.org/t/p/original
